{"members":{"1":{"member_data":{"id":"1","name":"Fakhar","email":"fakhar.fai@gmail.com","photo":"0","address":null,"city":null,"zip":null,"password":"$2y$10$Tu5G4iucwX808B8.6B51OugVMDaN86IKABMambbTBN5nHcnaPWaAK","auth_code":null,"signup_date":"2023-02-06 19:09:26","phone":"123456"},"goals":[{"id":"2","member_id":"1","name":"Detail +--&\/!'\"\\ Test","type":"need","description":"test something ","cost":"free","price":"","barter_details":"Barter for Bike","delivery_type":"virtual","deliery_location":"test adrreess","photo":"59531629bfeaf573674d38b12a6d33ae.jpg","date_created":"2023-02-15 19:28:41","area_shared":[{"id":"10","goal_id":"2","address":"House Number 4\/132, ARF Colony, PAC Kamra","city":"","state_province":"Florida","zip":"43570","county":"","country":"US","region":"County","distance":"0","measure":null}],"time_period":[{"id":"2","goal_id":"2","type":"after","start_date":"2023-02-20","day":"[\"Sunday\",\"Thursday\",\"Wednesday\"]","end_date":"0000-00-00"}],"contact":[{"id":"10","name":"Fakhar Zaman","email":"fakhar.faai@gmail.com","number":null,"details":null,"is_public":"1","date_created":"2023-04-03 02:05:24"}]},{"id":"3","member_id":"1","name":"Would like some sale iphone\/ + = % ' 6+, full battery","type":"offer","description":"Praesent egestas neque eu enim. Integer tincidunt. Nam quam nunc, blandit vel, luctus pulvinar, hendrerit id, lorem. Donec venenatis vulputate lorem.","cost":"barter","price":"","barter_details":"Barter for Bike","delivery_type":"virtual","deliery_location":"test detail","photo":"9eebf1bc71d7023c57cba11bd2317169.jpg","date_created":"2023-02-16 02:54:53","area_shared":[{"id":"9","goal_id":"3","address":"","city":"","state_province":"","zip":"","county":"","country":"","region":"County","distance":"0","measure":null}],"time_period":[],"contact":[{"id":"9","name":"Fakhar Zaman","email":"fakhar.faai@gmail.com","number":null,"details":null,"is_public":"1","date_created":"2023-04-03 02:04:47"}]}],"fav":[{"id":"1","goal_id":"2","member_id":"1","date_added":"2023-02-15 19:31:44"}]},"2":{"member_data":{"id":"2","name":"Fakhar","email":"fakhar.faai@gmail.com","photo":"0","address":null,"city":null,"zip":null,"password":"$2y$10$Tu5G4iucwX808B8.6B51OugVMDaN86IKABMambbTBN5nHcnaPWaAK","auth_code":null,"signup_date":"2023-02-06 19:09:26","phone":"123456"},"goals":[{"id":"5","member_id":"2","name":"Detail +--&\/!'\"\\ Test","type":"need","description":"test something ","cost":"free","price":"","barter_details":"Barter for Bike","delivery_type":"virtual","deliery_location":"test adrreess","photo":"59531629bfeaf573674d38b12a6d33ae.jpg","date_created":"2023-02-15 19:28:41","area_shared":[{"id":"12","goal_id":"5","address":"House Number 4\/132, ARF Colony, PAC Kamra","city":"","state_province":"Florida","zip":"43570","county":"","country":"US","region":"County","distance":"0","measure":null}],"time_period":[{"id":"4","goal_id":"5","type":"after","start_date":"2023-02-20","day":"[\"Sunday\",\"Thursday\",\"Wednesday\"]","end_date":"0000-00-00"}],"contact":[{"id":"1","name":"","email":"","number":null,"details":null,"is_public":"0","date_created":"2023-02-06 19:10:32"}]},{"id":"6","member_id":"2","name":"Would like some sale iphone\/ + = % ' 6+, full battery","type":"offer","description":"Praesent egestas neque eu enim. Integer tincidunt. Nam quam nunc, blandit vel, luctus pulvinar, hendrerit id, lorem. Donec venenatis vulputate lorem.","cost":"barter","price":"","barter_details":"Barter for Bike","delivery_type":"virtual","deliery_location":"test detail","photo":"9eebf1bc71d7023c57cba11bd2317169.jpg","date_created":"2023-02-16 02:54:53","area_shared":[{"id":"13","goal_id":"6","address":"","city":"","state_province":"","zip":"","county":"","country":"","region":"County","distance":"0","measure":null}],"time_period":[],"contact":[{"id":"1","name":"","email":"","number":null,"details":null,"is_public":"0","date_created":"2023-02-06 19:10:32"}]}],"fav":[{"id":"2","goal_id":"6","member_id":"2","date_added":"2023-05-27 08:04:51"}]},"3":{"member_data":{"id":"3","name":"Fakhar","email":"fakhar.fa1i@gmail.com","photo":"0","address":null,"city":null,"zip":null,"password":"$2y$10$Tu5G4iucwX808B8.6B51OugVMDaN86IKABMambbTBN5nHcnaPWaAK","auth_code":null,"signup_date":"2023-02-06 19:09:26","phone":"123456"},"goals":[{"id":"7","member_id":"3","name":"Detail +--&\/!'\"\\ Test","type":"need","description":"test something ","cost":"free","price":"","barter_details":"Barter for Bike","delivery_type":"virtual","deliery_location":"test adrreess","photo":"59531629bfeaf573674d38b12a6d33ae.jpg","date_created":"2023-02-15 19:28:41","area_shared":[{"id":"14","goal_id":"7","address":"House Number 4\/132, ARF Colony, PAC Kamra","city":"","state_province":"Florida","zip":"43570","county":"","country":"US","region":"County","distance":"0","measure":null}],"time_period":[{"id":"5","goal_id":"7","type":"after","start_date":"2023-02-20","day":"[\"Sunday\",\"Thursday\",\"Wednesday\"]","end_date":"0000-00-00"}],"contact":[{"id":"1","name":"","email":"","number":null,"details":null,"is_public":"0","date_created":"2023-02-06 19:10:32"}]},{"id":"8","member_id":"3","name":"Would like some sale iphone\/ + = % ' 6+, full battery","type":"offer","description":"Praesent egestas neque eu enim. Integer tincidunt. Nam quam nunc, blandit vel, luctus pulvinar, hendrerit id, lorem. Donec venenatis vulputate lorem.","cost":"barter","price":"","barter_details":"Barter for Bike","delivery_type":"virtual","deliery_location":"test detail","photo":"9eebf1bc71d7023c57cba11bd2317169.jpg","date_created":"2023-02-16 02:54:53","area_shared":[{"id":"15","goal_id":"8","address":"","city":"","state_province":"","zip":"","county":"","country":"","region":"County","distance":"0","measure":null}],"time_period":[],"contact":[{"id":"1","name":"","email":"","number":null,"details":null,"is_public":"0","date_created":"2023-02-06 19:10:32"}]}],"fav":[]},"4":{"member_data":{"id":"4","name":"Fakhar","email":"fakhar.faqweai@gmail.com","photo":"0","address":null,"city":null,"zip":null,"password":"$2y$10$Tu5G4iucwX808B8.6B51OugVMDaN86IKABMambbTBN5nHcnaPWaAK","auth_code":null,"signup_date":"2023-02-06 19:09:26","phone":"123456"},"goals":[{"id":"9","member_id":"4","name":"Detail +--&\/!'\"\\ Test","type":"need","description":"test something ","cost":"free","price":"","barter_details":"Barter for Bike","delivery_type":"virtual","deliery_location":"test adrreess","photo":"59531629bfeaf573674d38b12a6d33ae.jpg","date_created":"2023-02-15 19:28:41","area_shared":[{"id":"16","goal_id":"9","address":"House Number 4\/132, ARF Colony, PAC Kamra","city":"","state_province":"Florida","zip":"43570","county":"","country":"US","region":"County","distance":"0","measure":null}],"time_period":[{"id":"6","goal_id":"9","type":"after","start_date":"2023-02-20","day":"[\"Sunday\",\"Thursday\",\"Wednesday\"]","end_date":"0000-00-00"}],"contact":[{"id":"1","name":"","email":"","number":null,"details":null,"is_public":"0","date_created":"2023-02-06 19:10:32"}]},{"id":"10","member_id":"4","name":"Would like some sale iphone\/ + = % ' 6+, full battery","type":"offer","description":"Praesent egestas neque eu enim. Integer tincidunt. Nam quam nunc, blandit vel, luctus pulvinar, hendrerit id, lorem. Donec venenatis vulputate lorem.","cost":"barter","price":"","barter_details":"Barter for Bike","delivery_type":"virtual","deliery_location":"test detail","photo":"9eebf1bc71d7023c57cba11bd2317169.jpg","date_created":"2023-02-16 02:54:53","area_shared":[{"id":"17","goal_id":"10","address":"","city":"","state_province":"","zip":"","county":"","country":"","region":"County","distance":"0","measure":null}],"time_period":[],"contact":[{"id":"1","name":"","email":"","number":null,"details":null,"is_public":"0","date_created":"2023-02-06 19:10:32"}]}],"fav":[]}}}