{"members":{"3":{"member_data":{"id":"3","name":"Fakhar","email":"fakhar.fa1i@gmail.com","photo":"0","address":null,"city":null,"zip":null,"password":"$2y$10$Tu5G4iucwX808B8.6B51OugVMDaN86IKABMambbTBN5nHcnaPWaAK","auth_code":null,"signup_date":"2023-02-06 19:09:26","phone":"123456"},"goals":[{"id":"11","member_id":"3","name":"sss","type":"offer","description":"sss","cost":"price","price":"100","barter_details":"","delivery_type":"virtual","deliery_location":"123","photo":"190c6ec60fef40fd08def9d3f84e1b25.jpg","date_created":"2023-06-09 16:49:44","area_shared":[{"id":"18","goal_id":"11","address":"","city":"","state_province":"","zip":"","county":"","country":"","region":"County","distance":"0","measure":null}],"time_period":[],"contact":[{"id":"18","name":"111","email":"someone@adasd.cc","number":null,"details":null,"is_public":"1","date_created":"2023-06-09 16:49:44"}]}],"fav":[]}}}